Temperature_NTC,Ammonia_MQ135,Ph_Sensor
30.0628930891937,0.506289308919371,7.02515723567748
30.1257762269469,0.512577622694688,7.05031049077875
30.1886394633936,0.518863946339359,7.07545578535743
30.2514728518168,0.525147285181683,7.10058914072673
30.3142664502224,0.531426645022241,7.12570658008896
30.377010322912,0.537701032291201,7.1508041291648
30.4396945420553,0.543969454205531,7.17587781682212
30.5023091892608,0.550230918926084,7.20092367570434
30.5648443571454,0.556484435714536,7.22593774285815
30.6272901509015,0.562729015090148,7.25091606036059
30.6896366898633,0.568963668986327,7.27585467594531
30.7518741090697,0.575187410906968,7.30074964362787
30.8139925608255,0.581399256082547,7.32559702433019
30.8759822162593,0.587598221625934,7.35039288650374
30.9378332668792,0.593783326687919,7.37513330675168
30.999535926124,0.599953592612402,7.39981437044961
31.0610804309125,0.606108043091254,7.42443217236502
31.1224570431879,0.612245704318786,7.44898281727515
31.1836560514584,0.61836560514584,7.47346242058336
31.2446677723345,0.624466777233446,7.49786710893378
31.3054825520604,0.630548255206044,7.52219302082418
31.3660907680423,0.636609076804233,7.54643630721693
31.4264828303702,0.642648283037025,7.5705931321481
31.4866491833359,0.648664918333586,7.59465967333435
31.5465803069443,0.654658030694434,7.61863212277774
31.6062667184207,0.660626671842072,7.64250668736829
31.6656989737103,0.666569897371029,7.66627958948412
31.724867668973,0.672486766897295,7.68994706758918
31.7837634420712,0.678376344207116,7.71350537682846
31.8423769740513,0.684237697405125,7.7369507896205
31.900698990618,0.690069899061798,7.76027959624719
31.958720263602,0.695872026360199,7.78348810544079
32.0164316124199,0.701643161241991,7.80657264496796
32.073823905527,0.707382390552704,7.82952956221081
32.1308880618622,0.713088806186218,7.85235522474487
32.1876150522845,0.718761505228452,7.87504602091381
32.2439959010023,0.724399590100231,7.89759836040092
32.3000216869931,0.730002168699306,7.92000867479722
32.3556835454151,0.735568354541509,7.94227341816604
32.4109726690102,0.741097266901024,7.9643890676041
32.4658803094974,0.746588030949737,7.98635212379895
32.5203977789566,0.752039777895662,8.00815911158265
32.5745164512041,0.757451645120406,8.02980658048163
32.6282277631566,0.76282277631566,8.05129110526264
32.6815232161869,0.768152321618691,8.07260928647477
32.7343943774681,0.773439437746814,8.09375775098726
32.7868328813082,0.778683288130821,8.11473315252328
32.8388304304735,0.783883043047354,8.13553217218942
32.8903787975019,0.789037879750185,8.15615151900074
32.941469826004,0.794146982600403,8.17658793040161
32.9920954319546,0.799209543195463,8.19683817278185
33.0422476049711,0.804224760497108,8.21689904198843
33.0919184095811,0.809191840958108,8.23676736383243
33.1410999864782,0.814109998647821,8.25643999459128
33.1897845537656,0.818978455376556,8.27591382150622
33.237964408187,0.823796440818697,8.29518576327479
33.2856319263459,0.828563192634594,8.31425277053838
33.3327795659119,0.833277956591186,8.33311182636474
33.3793998668134,0.83793998668134,8.35175994672536
33.4254854524189,0.84254854524189,8.37019418096756
33.4710290307036,0.847102903070361,8.38841161228145
33.5160233954034,0.851602339540342,8.40640935816137
33.5604614271551,0.856046142715513,8.42418457086205
33.6043360946229,0.860433609462293,8.44173443784917
33.6476404556109,0.864764045561094,8.45905618224438
33.6903676581617,0.86903676581617,8.47614706326468
33.7325109416403,0.873251094164026,8.4930043766561
33.774063637804,0.877406363780399,8.5096254551216
33.8150191718576,0.881501917185764,8.52600766874306
33.8553710634936,0.885537106349362,8.54214842539745
33.8951129279175,0.889511292791746,8.55804517116698
33.934238476858,0.893423847685795,8.57369539074318
33.9727415195622,0.897274151956222,8.58909660782489
34.0106159637752,0.901061596377522,8.60424638551009
34.0478558167037,0.904785581670372,8.61914232668149
34.0844551859645,0.908445518596453,8.63378207438581
34.1204082805168,0.912040828051682,8.64816331220673
34.1557094115785,0.915570941157847,8.66228376463139
34.1903529935261,0.919035299352613,8.67614119741045
34.2243335447791,0.922433354477909,8.68973341791164
34.2576456886666,0.925764568866656,8.70305827546662
34.2902841542784,0.929028415427844,8.71611366171138
34.3222437772993,0.932224377729932,8.72889751091973
34.3535195008256,0.935351950082564,8.74140780033025
34.3841063761658,0.938410637616577,8.75364255046631
34.4139995636231,0.94139995636231,8.76559982544924
34.4431943332618,0.944319433326178,8.77727773330471
34.4716860656551,0.947168606565514,8.78867442626206
34.4994702526166,0.949947025261659,8.79978810104664
34.526542497913,0.952654249791298,8.81061699916519
34.5528985179602,0.955289851796018,8.82115940718407
34.5785341425008,0.957853414250085,8.83141365700034
34.6034453152643,0.960344531526432,8.84137812610573
34.6276280946084,0.962762809460839,8.85105123784336
34.651078654143,0.965107865414302,8.86043146165721
34.6737932833358,0.967379328333575,8.8695173133343
34.6957683880988,0.969576838809884,8.87830735523954
34.7170004913579,0.971700049135791,8.88680019654316
34.7374862336022,0.973748623360215,8.89499449344086
34.7572223734159,0.975722237341588,8.90288894936635
34.7762057879914,0.977620578799143,8.91048231519658
34.7944334736233,0.979443347362325,8.9177733894493
34.8119025461832,0.981190254618317,8.92476101847327
34.8286102415768,0.982861024157677,8.93144409663071
34.8445539161807,0.984455391618075,8.9378215664723
34.8597310472612,0.985973104726117,8.94389241890447
34.8741392333727,0.987413923337267,8.94965569334907
34.8877761947384,0.988777619473843,8.95511047789537
34.9006397736109,0.990063977361088,8.96025590944435
34.9127279346131,0.991272793461314,8.96509117384526
34.924038765061,0.992403876506104,8.96961550602442
34.9345704752658,0.99345704752658,8.97382819010632
34.9443213988172,0.994432139881718,8.97772855952687
34.9532899928472,0.995328999284716,8.98131599713886
34.9614748382741,0.996147483827407,8.98458993530963
34.9688746400271,0.996887464002712,8.98754985601085
34.9754882272513,0.997548822725133,8.99019529090053
34.9813145534928,0.998131455349277,8.99252582139711
34.9863526968642,0.998635269686416,8.99454107874567
34.9906018601907,0.999060186019073,8.99624074407629
34.9940613711364,0.999406137113635,8.99762454845454
34.9967306823099,0.99967306823099,8.99869227292396
34.998609371352,0.999860937135194,8.99944374854078
34.9996971410015,0.999969714100147,8.99987885640059
34.999993819143,0.999999381914299,8.9999975276572
34.9994993588337,0.999949935883374,8.9997997435335
34.9982138383112,0.999821383831115,8.99928553532446
34.9961374609804,0.99961374609804,8.99845498439216
34.9932705553823,0.999327055538228,8.99730822215291
34.9896135751412,0.998961357514122,8.99584543005649
34.9851670988935,0.998516709889345,8.99406683955738
34.9799318301955,0.997993183019552,8.99197273207821
34.9739085974129,0.997390859741293,8.98956343896517
34.9670983535891,0.996709835358905,8.98683934143562
34.9595021762944,0.995950217629439,8.98380087051775
34.951121267456,0.995112126745599,8.9804485069824
34.9419569531674,0.994195695316736,8.97678278126695
34.9320106834786,0.993201068347857,8.97280427339143
34.9212840321668,0.992128403216684,8.96851361286674
34.9097786964875,0.990977869648753,8.96391147859501
34.8974964969056,0.989749649690558,8.95899859876223
34.8844393768075,0.988443937680746,8.95377575072299
34.8706094021937,0.987060940219368,8.94824376087747
34.8560087613519,0.985600876135188,8.94240350454075
34.8406397645106,0.98406397645106,8.93625590580424
34.8245048434737,0.98245048434737,8.92980193738948
34.8076065512356,0.980760655123563,8.92304262049425
34.7899475615774,0.978994756157745,8.91597902463098
34.7715306686438,0.977153066864374,8.9086122674575
34.7523587865006,0.975235878650056,8.90094351460022
34.7324349486743,0.973243494867426,8.89297397946971
34.7117623076716,0.971176230767159,8.88470492306864
34.6903441344808,0.969034413448083,8.87613765379233
34.6681838180542,0.966818381805423,8.86727352722169
34.6452848647718,0.964528486477182,8.85811394590873
34.6216508978865,0.962165089788654,8.84866035915462
34.597285656951,0.959728565695103,8.83891426278041
34.5721929972258,0.957219299722583,8.82887719889033
34.5463768890694,0.954637688906944,8.81855075562778
34.5198414173101,0.951984141731008,8.80793656692403
34.4925907805993,0.949259078059934,8.79703631223974
34.4646292907478,0.946462929074784,8.78585171629914
34.435961372043,0.943596137204302,8.77438454881721
34.406591560549,0.940659156054904,8.76263662421961
34.3765245033891,0.937652450338907,8.75060980135563
34.34576495801,0.934576495800999,8.738305983204
34.3143177914297,0.931431779142966,8.72572711657186
34.2821879794667,0.928218797946673,8.71287519178669
34.2493806059534,0.924938060595343,8.69975224238137
34.2159008619311,0.921590086193111,8.68636034477245
34.1817540448289,0.918175404482888,8.67270161793155
34.1469455576254,0.914694555762541,8.65877822305017
34.1114809079941,0.911148090799405,8.64459236319762
34.0753657074313,0.907536570743131,8.63014628297253
34.038605670369,0.903860567036904,8.61544226814761
34.0012066132702,0.900120661327016,8.60048264530806
33.9631744537084,0.896317445370843,8.58526978148337
33.924515209432,0.892451520943202,8.56980608377281
33.8852349974114,0.888523499741144,8.55409399896458
33.8453400328716,0.884534003287159,8.53813601314863
33.8048366283083,0.880483662830834,8.52193465132334
33.7637311924898,0.876373119248978,8.50549247699591
33.7220302294421,0.87220302294421,8.48881209177684
33.6797403374205,0.867974033742052,8.47189613496821
33.6368682078653,0.863686820786525,8.4547472831461
33.5934206243427,0.859342062434269,8.43736824973708
33.5494044614721,0.854940446147214,8.41976178458886
33.504826683838,0.850482668383799,8.4019306735352
33.4596943448877,0.845969434488773,8.38387773795509
33.414014585816,0.841401458581595,8.36560583432638
33.3677946344343,0.836779463443433,8.34711785377373
33.3210418040281,0.832104180402807,8.32841672161123
33.2737634921987,0.827376349219868,8.30950539687947
33.2259671796935,0.822596717969347,8.29038687187739
33.1776604292219,0.817766042922192,8.27106417168877
33.128850884259,0.812885088425903,8.25154035370361
33.0795462678359,0.80795462678359,8.23181850713436
33.0297543813177,0.802975438131774,8.2119017525271
32.9794831031695,0.797948310316949,8.1917932412678
32.9287403877092,0.79287403877092,8.17149615508368
32.8775342638495,0.787753426384945,8.15101370553978
32.825872833827,0.782587283382697,8.13034913353079
32.7737642719206,0.777376427192059,8.10950570876824
32.7212168231579,0.77212168231579,8.08848672926316
32.6682388020106,0.766823880201061,8.06729552080425
32.614838591079,0.761483859107901,8.04593543643161
32.5610246397656,0.756102463976557,8.02440985590623
32.506805462938,0.750680546293803,8.00272218517521
32.4521896395821,0.74521896395821,7.98087585583284
32.3971858114441,0.739718581144405,7.95887432457762
32.3418026816633,0.73418026816633,7.93672107266532
32.2860490133954,0.72860490133954,7.91441960535816
32.2299336284254,0.722993362842538,7.89197345137015
32.173465405772,0.717346540577198,7.86938616230879
32.1166532802827,0.711665328028267,7.84666131211307
32.05950624122,0.705950624121996,7.82380249648799
32.002033330839,0.700203333083902,7.80081333233561
31.9442436429569,0.694424364295694,7.77769745718278
31.8861463215139,0.688614632151385,7.75445852860554
31.8277505591261,0.68277505591261,7.73110022365044
31.7690655956317,0.676906559563169,7.70762623825268
31.7101007166283,0.671010071662834,7.68404028665134
31.6508652520042,0.665086525200419,7.66034610080167
31.5913685744615,0.659136857446155,7.63654742978462
31.5316200980339,0.653162009803392,7.61264803921357
31.4716292765964,0.647162927659641,7.58865171063856
31.4114056023699,0.641140560236986,7.56456224094795
31.3509586044189,0.635095860441891,7.54038344176757
31.2902978471443,0.629029784714425,7.5161191388577
31.2294329287693,0.622943292876925,7.4917731715077
31.1683734798213,0.616837347982126,7.46734939192851
31.1071291616078,0.61071291616078,7.44285166464312
31.0457096646878,0.604570966468784,7.41828386587514
30.9841247073385,0.598412470733853,7.39364988293541
30.9223840340175,0.592238403401746,7.36895361360699
30.8604974138208,0.586049741382085,7.34419896552834
30.7984746389377,0.579847463893775,7.3193898555751
30.7363255231007,0.573632552310071,7.29453020924028
30.6740599000329,0.567405990003292,7.26962396001317
30.6116876218923,0.561168762189229,7.24467504875691
30.5492185577125,0.55492185577125,7.219687423085
30.4866625918415,0.548666259184152,7.19466503673661
30.4240296223775,0.542402962237755,7.16961184895102
30.3613295596029,0.536132955960294,7.14453182384118
30.2985723244161,0.529857232441605,7.11942892976642
30.2357678467615,0.523576784676153,7.09430713870461
30.1729260640591,0.517292606405909,7.06917042562364
30.1100569196311,0.511005691963114,7.04402276785246
30.0471703611295,0.504717036112949,7.01886814445179
29.9842763389613,0.498427633896132,6.99371053558453
29.9213848047148,0.49213848047148,6.96855392188592
29.8585057095844,0.485850570958441,6.94340228383376
29.7956490027964,0.479564900279644,6.91825960111858
29.7328246300347,0.473282463003471,6.89312985201389
29.6700425318669,0.46700425318669,6.86801701274676
29.6073126421717,0.460731264217165,6.84292505686866
29.5446448865668,0.45446448865668,6.81785795462672
29.4820491808388,0.448204918083881,6.79281967233552
29.4195354293739,0.441953542937385,6.76781417174954
29.3571135235907,0.435711352359066,6.74284540943626
29.2947933403754,0.42947933403754,6.71791733615016
29.2325847405189,0.423258474051892,6.69303389620757
29.1704975671564,0.417049756715644,6.66819902686257
29.1085416442101,0.410854164421012,6.64341665768405
29.0467267748347,0.404672677483468,6.61869070993387
28.9850627398662,0.398506273986619,6.59402509594648
28.9235592962746,0.392355929627455,6.56942371850982
28.8622261756196,0.386222617561959,6.54489047024784
28.8010730825113,0.380107308251132,6.52042923300453
28.7401096930744,0.374010969307438,6.49604387722975
28.679345653417,0.367934565341697,6.47173826136679
28.6187905781046,0.361879057810463,6.44751623124185
28.5584540486389,0.355845404863889,6.42338161945556
28.4983456119413,0.349834561194125,6.3993382447765
28.4384747788426,0.343847477884255,6.37538991153702
28.3788510225781,0.337885102257815,6.35154040903126
28.3194837772889,0.331948377728892,6.32779351091557
28.2603824365286,0.326038243652858,6.30415297461143
28.2015563517773,0.320155635177732,6.28062254071093
28.1430148309622,0.314301483096216,6.25720593238486
28.0847671369842,0.308476713698416,6.23390685479367
28.0268224862528,0.30268224862528,6.21072899450112
27.9691900472276,0.296919004722764,6.18767601889106
27.9118789389677,0.291187893896767,6.16475157558707
27.8548982296884,0.285489822968837,6.14195929187535
27.7982569353269,0.27982569353269,6.11930277413076
27.7419640181155,0.274196401811553,6.09678560724621
27.6860283851635,0.268602838516351,6.0744113540654
27.6304588870478,0.263045888704779,6.05218355481911
27.5752643164126,0.257526431641256,6.03010572656503
27.5204534065781,0.252045340657806,6.00818136263122
27.4660348301586,0.246603483015864,5.98641393206346
27.4120171976906,0.241201719769061,5.96480687907624
27.3584090562697,0.235840905626974,5.9433636225079
27.3052188881989,0.230521888819892,5.92208755527957
27.252455109646,0.225245510964597,5.90098204385839
27.200126069312,0.220012606931203,5.88005042772481
27.1482400471105,0.214824004711049,5.8592960188442
27.096805252857,0.209680525285697,5.83872210114279
27.0458298249702,0.204582982497021,5.81833192998808
26.9953218291844,0.199532182918439,5.79812873167376
26.9452892572729,0.194528925727289,5.77811570290915
26.8957400257838,0.189574002578378,5.75829601031351
26.8466819747872,0.184668197478721,5.73867278991489
26.7981228666349,0.179812286663487,5.71924914665395
26.7500703847318,0.175007038473177,5.70002815389271
26.7025321323205,0.170253213232052,5.68101285292821
26.6555156312783,0.16555156312783,5.66220625251132
26.6090283209267,0.160902832092667,5.64361132837067
26.5630775568545,0.156307755685445,5.62523102274178
26.5176706097539,0.151767060975389,5.60706824390156
26.4728146642702,0.147281466427024,5.5891258657081
26.4285168178649,0.14285168178649,5.57140672714596
26.3847840796925,0.138478407969246,5.55391363187698
26.3416233694916,0.134162336949161,5.53664934779664
26.2990415164903,0.129904151649028,5.51961660659611
26.257045258325,0.125704525832505,5.50281810333002
26.215641239975,0.121564123997504,5.48625649599002
26.1748360127106,0.117483601271055,5.46993440508422
26.1346360330564,0.113463603305641,5.45385441322257
26.0950476617704,0.109504766177041,5.43801906470817
26.0560771628368,0.105607716283684,5.42243086513474
26.0177307024754,0.101773070247536,5.40709228099014
25.9800143481653,0.09800143481653,5.39200573926612
25.9429340676857,0.0942934067685673,5.37717362707427
25.9064957281709,0.0906495728170862,5.36259829126835
25.8707050951823,0.0870705095182284,5.34828203807291
25.8355678317961,0.0835567831796133,5.33422713271845
25.8010894977073,0.0801089497707302,5.32043579908292
25.7672755483497,0.0767275548349698,5.30691021933988
25.734131334033,0.0734131334033037,5.29365253361322
25.7016620990963,0.0701662099096275,5.28066483963851
25.6698729810778,0.0669872981077808,5.26794919243112
25.6387690099026,0.063876900990257,5.25550760396103
25.6083551070862,0.0608355107086158,5.24334204283446
25.5786360849561,0.0578636084956113,5.23145443398245
25.5496166458905,0.0549616645890472,5.21984665835619
25.5213013815737,0.0521301381573725,5.20852055262949
25.4936947722703,0.0493694772270278,5.19747790890811
25.4668011861156,0.0466801186115554,5.18672047444622
25.4406248784248,0.0440624878424832,5.17624995136993
25.4151699910199,0.0415169991019934,5.16606799640797
25.3904405515739,0.0390440551573875,5.15617622062955
25.3664404729736,0.0366440472973575,5.14657618918943
25.3431735527007,0.034317355270073,5.13726942108029
25.3206434722309,0.0320643472230941,5.12825738889238
25.2988537964512,0.0298853796451206,5.11954151858048
25.2778079730959,0.0277807973095857,5.11112318923834
25.257509332201,0.0257509332201025,5.10300373288041
25.2379610855777,0.0237961085577744,5.0951844342311
25.2191663263037,0.0219166326303746,5.0876665305215
25.2011280282341,0.0201128028234055,5.08045121129362
25.1838490455304,0.0183849045530437,5.07353961821218
25.1673321122098,0.0167332112209794,5.06693284488392
25.1515798417116,0.0151579841711562,5.06063193668463
25.1365947264842,0.01365947264842,5.05463789059368
25.1223791375908,0.0122379137590807,5.04895165503632
25.108935324334,0.0108935324333959,5.04357412973358
25.0962654138998,0.00962654138998026,5.03850616555992
25.0843714110215,0.00843714110214794,5.03374856440859
25.0732551976619,0.00732551976619184,5.02930207906477
25.0629185327161,0.00629185327160559,5.02516741308642
25.0533630517325,0.00533630517325329,5.02134522069301
25.0445902666549,0.00445902666549025,5.01783610666196
25.0366015655824,0.00366015655823987,5.01464062623296
25.0293982125503,0.0029398212550304,5.01175928502012
25.0229813473299,0.00229813473299373,5.00919253893198
25.0173519852483,0.00173519852483167,5.00694079409933
25.0125110170275,0.00125110170275017,5.005004406811
25.0084592086437,0.000845920864365912,5.00338368345746
25.0051972012059,0.00051972012058632,5.00207888048235
25.0027255108547,0.000272551085465367,5.00109020434186
25.0010445286804,0.000104452868036953,5.00041781147215
25.0001545206613,1.54520661265756E-05,5.00006180826451
25.0000556276214,5.56276214297435E-06,5.00002225104857
25.0007478652085,7.47865208498011E-05,5.0002991460834
25.0022311238912,0.000223112389118041,5.00089244955647
25.0045051689766,0.000450516897659237,5.00180206759064
25.0075696406474,0.000756964064738797,5.00302785625896
25.0114240540187,0.00114240540186927,5.00456962160748
25.0160677992148,0.00160677992148284,5.00642711968593
25.0215001414658,0.00215001414658111,5.00860005658632
25.0277202212236,0.00277202212236122,5.01108808848945
25.0347270542982,0.00347270542981615,5.01389082171927
25.0425195320131,0.00425195320130756,5.01700781280523
25.0510964213811,0.00510964213810822,5.02043856855243
25.0604563652991,0.00604563652991091,5.02418254611964
25.070597882763,0.00705978827630205,5.02823915310521
25.0815193691019,0.00815193691019484,5.03260774764078
25.0932190962322,0.00932190962322016,5.03728763849288
25.1056952129307,0.0105695212930693,5.04227808517228
25.1189457451279,0.0118945745127852,5.04757829805114
25.13296859622,0.0132968596219986,5.053187438488
25.147761547401,0.0147761547401015,5.05910461896041
25.1633222580135,0.0163322258013549,5.06532890320542
25.1796482659192,0.0179648265919246,5.0718593063677
25.1967369878884,0.0196736987888394,5.07869479515536
25.2145857200086,0.0214585720008645,5.08583428800346
25.2331916381129,0.0233191638112852,5.09327665524514
25.2525517982259,0.0252551798225932,5.10102071929037
25.2726631370307,0.0272663137030681,5.10906525481227
25.2935224723525,0.0293522472352482,5.11740898894099
25.3151265036628,0.0315126503662808,5.12605060146512
25.3374718126015,0.0337471812601463,5.13498872504059
25.3605548635175,0.0360554863517453,5.14422194540698
25.3843720040284,0.0384372004028438,5.15374880161138
25.4089194655986,0.0408919465598629,5.16356778623945
25.4341933641351,0.0434193364135083,5.17367734565403
25.4601897006023,0.0460189700602268,5.18407588024091
25.4869043616548,0.0486904361654829,5.19476174466193
25.5143331202884,0.0514333120288428,5.20573324811537
25.5424716365086,0.0542471636508579,5.21698865460343
25.5713154580174,0.0571315458017351,5.22852618320694
25.6008600209179,0.0600860020917851,5.24034400836714
25.6311006504364,0.0631100650436355,5.25244026017454
25.662032561662,0.0662032561661991,5.2648130246648
25.6936508603038,0.0693650860303846,5.27746034412154
25.7259505434654,0.072595054346537,5.29038021738615
25.758926500436,0.0758926500435987,5.3035706001744
25.7925735134997,0.0792573513499748,5.3170294053999
25.8268862587609,0.0826886258760912,5.33075450350437
25.8618593069863,0.0861859306986343,5.34474372279454
25.8974871244646,0.0897487124464561,5.35899484978583
25.9337640738813,0.0933764073881333,5.37350562955253
25.9706844152117,0.0970684415211652,5.38827376608466
26.008242306628,0.100824230662797,5.40329692265119
26.0464318054245,0.104643180542453,5.41857272216981
26.0852468689577,0.108524686895768,5.43409874758307
26.124681355602,0.112468135560199,5.4498725422408
26.164729025722,0.116472902572201,5.4658916102888
26.2053835426596,0.120538354265955,5.48215341706382
26.2466384737364,0.124663847373638,5.49865538949455
26.288487291272,0.128848729127195,5.51539491650878
26.3309233736164,0.133092337361636,5.53236934944654
26.373940006198,0.137394000619801,5.5495760024792
26.4175303825861,0.141753038258608,5.56701215303443
26.4616876055675,0.146168760556748,5.58467504222699
26.5064046882382,0.150640468823816,5.60256187529526
26.5516745551087,0.155167455510869,5.62066982204347
26.5974900432237,0.159749004322373,5.63899601728949
26.6438439032955,0.164384390329548,5.65753756131819
26.6907288008507,0.169072880085066,5.67629152034026
26.738137317391,0.173813731739104,5.69525492695642
26.7860619515673,0.17860619515673,5.71442478062692
26.8344951203659,0.183449512036589,5.73379804814636
26.8834291603089,0.188342916030891,5.75337166412357
26.9328563286667,0.193285632866669,5.77314253146668
26.9827688046829,0.198276880468287,5.79310752187315
27.0331586908119,0.20331586908119,5.81326347632476
27.0840180139686,0.208401801396863,5.83360720558745
27.1353387267899,0.21353387267899,5.85413549071596
27.1871127089078,0.218711270890781,5.87484508356312
27.2393317682346,0.223933176823464,5.89573270729386
27.291987642259,0.229198764225905,5.91679505690362
27.3450719993534,0.23450719993534,5.93802879974136
27.3985764400921,0.23985764400921,5.95943057603684
27.4524924985806,0.245249249858063,5.98099699943225
27.506811643795,0.250681164379504,6.00272465751802
27.5615252809318,0.256152528093183,6.02461011237273
27.6166247527679,0.261662475276786,6.04664990110714
27.6721013410302,0.267210134103021,6.06884053641208
27.7279462677756,0.272794626777561,6.09117850711024
27.7841506967794,0.278415069677937,6.11366027871175
27.8407057349335,0.284070573493351,6.1362822939734
27.8976024336539,0.289760243365392,6.15904097346157
27.9548317902963,0.295483179029627,6.18193271611851
28.0123847495804,0.301238474958043,6.20495389983217
28.0702522050234,0.307025220502336,6.22810088200934
28.1284250003799,0.31284250003799,6.25137000015196
28.1868939310917,0.318689393109166,6.27475757243667
28.2456497457433,0.324564974574335,6.29825989829734
28.3046831475266,0.330468314752662,6.32187325901065
28.3639847957111,0.336398479571114,6.34559391828446
28.4235453071225,0.342354530712248,6.36941812284899
28.4833552576269,0.348335525762686,6.39334210305075
28.5434051836223,0.354340518362226,6.4173620734489
28.6036855835358,0.360368558353585,6.44147423341434
28.6641869193274,0.366418691932739,6.46567476773096
28.7248996179984,0.372489961799844,6.48995984719938
28.7858140731071,0.378581407310706,6.51432562924283
28.8469206462878,0.38469206462878,6.53876825851512
28.9082096687768,0.390820966877677,6.56328386751071
28.9696714429415,0.396967144294154,6.58786857717661
29.0312962438155,0.403129624381551,6.6125184975262
29.0930743206367,0.409307432063674,6.6372297282547
29.1549958983908,0.415499589839075,6.6619983593563
29.2170511793572,0.421705117935721,6.68682047174288
29.2792303446602,0.427923034466021,6.71169213786408
29.3415235558219,0.434152355582188,6.73660942232875
29.4039209563191,0.440392095631913,6.76156838252765
29.4664126731432,0.44664126731432,6.78656506925728
29.5289888183619,0.452898881836186,6.81159552734475
29.591639490684,0.459163949068397,6.83665579627359
29.6543547770261,0.465435477702608,6.86174191081043
29.717124754081,0.471712475408104,6.88684990163242
29.7799394898881,0.477993948988809,6.91197579595524
29.8427890454044,0.484278904540439,6.93711561816176
29.9056634760777,0.490566347607766,6.96226539043107
29.9685528334197,0.496855283341966,6.98742113336786
30.0314471665803,0.503144716658034,7.01257886663213
30.0943365239223,0.509433652392233,7.03773460956893
30.1572109545956,0.51572109545956,7.06288438183824
30.2200605101119,0.52200605101119,7.08802420404476
30.282875245919,0.528287524591896,7.11315009836758
30.3456452229739,0.534564522297392,7.13825808918957
30.408360509316,0.540836050931603,7.16334420372641
30.4710111816381,0.547101118163813,7.18840447265525
30.5335873268568,0.553358732685679,7.21343493074272
30.5960790436809,0.559607904368086,7.23843161747235
30.6584764441781,0.565847644417812,7.26339057767125
30.7207696553398,0.572076965533979,7.28830786213592
30.7829488206428,0.578294882064279,7.31317952825711
30.8450041016092,0.584500410160924,7.3380016406437
30.9069256793633,0.590692567936325,7.3627702717453
30.9687037561845,0.596870375618448,7.38748150247379
31.0303285570585,0.603032855705846,7.41213142282338
31.0917903312232,0.609179033122322,7.43671613248929
31.1530793537122,0.61530793537122,7.46123174148488
31.2141859268929,0.621418592689293,7.48567437075717
31.2751003820016,0.627510038200155,7.51004015280062
31.3358130806726,0.63358130806726,7.53432523226904
31.3963144164642,0.639631441646415,7.55852576658566
31.4565948163777,0.645659481637773,7.58263792655109
31.5166447423731,0.651664474237313,7.60665789694925
31.5764546928775,0.657645469287751,7.630581877151
31.6360152042889,0.663601520428885,7.65440608171554
31.6953168524734,0.669531685247337,7.67812674098935
31.7543502542567,0.675435025425665,7.70174010170266
31.8131060689083,0.681310606890833,7.72524242756333
31.8715749996201,0.687157499962009,7.74862999984804
31.9297477949766,0.692974779497664,7.77189911799066
31.9876152504196,0.698761525041956,7.79504610016783
32.0451682097037,0.704516820970373,7.81806728388149
32.1023975663461,0.710239756634607,7.84095902653843
32.1592942650665,0.715929426506649,7.86371770602659
32.2158493032206,0.721584930322063,7.88633972128825
32.2720537322244,0.727205373222438,7.90882149288975
32.3278986589698,0.732789865896978,7.93115946358791
32.3833752472321,0.738337524723213,7.95335009889285
32.4384747190682,0.743847471906817,7.97538988762727
32.493188356205,0.749318835620495,7.99727534248198
32.5475075014194,0.754750750141936,8.01900300056775
32.6014235599079,0.760142355990789,8.04056942396316
32.6549280006466,0.76549280006466,8.06197120025864
32.708012357741,0.770801235774095,8.08320494309638
32.7606682317654,0.776066823176535,8.10426729270614
32.8128872910922,0.781288729109218,8.12515491643687
32.8646612732101,0.78646612732101,8.14586450928404
32.9159819860314,0.791598198603136,8.16639279441255
32.9668413091881,0.79668413091881,8.18673652367524
33.0172311953171,0.801723119531713,8.20689247812685
33.0671436713333,0.806714367133331,8.22685746853332
33.1165708396911,0.811657083969108,8.24662833587643
33.1655048796341,0.81655048796341,8.26620195185364
33.2139380484327,0.821393804843269,8.28557521937308
33.261862682609,0.826186268260895,8.30474507304358
33.3092711991493,0.830927119914934,8.32370847965974
33.3561560967045,0.835615609670451,8.34246243868181
33.4025099567763,0.840250995677626,8.3610039827105
33.4483254448913,0.844832544489131,8.37933017795652
33.4935953117618,0.849359531176184,8.39743812470474
33.5383123944325,0.853831239443252,8.41532495777301
33.5824696174139,0.858246961741391,8.43298784696557
33.626059993802,0.862605999380198,8.45042399752079
33.6690766263836,0.866907662638364,8.46763065055345
33.711512708728,0.871151270872804,8.48460508349122
33.7533615262636,0.875336152626362,8.50134461050545
33.7946164573404,0.879461645734044,8.51784658293618
33.835270974278,0.883527097427799,8.5341083897112
33.875318644398,0.887531864439801,8.5501274577592
33.9147531310423,0.891475313104231,8.56590125241693
33.9535681945755,0.895356819457547,8.58142727783019
33.991757693372,0.899175769337203,8.59670307734881
34.0293155847883,0.902931558478834,8.61172623391534
34.0662359261187,0.906623592611866,8.62649437044746
34.1025128755354,0.910251287553544,8.64100515021417
34.1381406930137,0.913814069301365,8.65525627720546
34.1731137412391,0.917311374123908,8.66924549649563
34.2074264865002,0.920742648650025,8.6829705946001
34.241073499564,0.924107349956401,8.6964293998256
34.2740494565346,0.927404945653463,8.70961978261385
34.3063491396962,0.930634913969615,8.72253965587846
34.337967438338,0.933796743833801,8.7351869753352
34.3688993495636,0.936889934956364,8.74755973982546
34.3991399790821,0.939913997908215,8.75965599163286
34.4286845419827,0.942868454198265,8.77147381679306
34.4575283634914,0.945752836349142,8.78301134539657
34.4856668797116,0.948566687971157,8.79426675188463
34.5130956383452,0.951309563834517,8.80523825533807
34.5398102993977,0.953981029939773,8.81592411975909
34.5658066358649,0.956580663586492,8.82632265434597
34.5910805344014,0.959108053440137,8.83643221376055
34.6156279959716,0.961562799597156,8.84625119838862
34.6394451364825,0.963944513648255,8.85577805459302
34.6625281873985,0.966252818739854,8.86501127495941
34.6848734963372,0.968487349633719,8.87394939853488
34.7064775276475,0.970647752764752,8.88259101105901
34.7273368629693,0.972733686296932,8.89093474518773
34.7474482017741,0.974744820177407,8.89897928070963
34.7668083618871,0.976680836188715,8.90672334475486
34.7854142799914,0.978541427999135,8.91416571199654
34.8032630121116,0.980326301211161,8.92130520484464
34.8203517340808,0.982035173408075,8.9281406936323
34.8366777419865,0.983667774198645,8.93467109679458
34.852238452599,0.985223845259898,8.94089538103959
34.86703140378,0.986703140378001,8.946812561512
34.8810542548722,0.988105425487215,8.95242170194886
34.8943047870693,0.989430478706931,8.95772191482772
34.9067809037678,0.99067809037678,8.96271236150712
34.918480630898,0.991848063089805,8.96739225235922
34.929402117237,0.992940211723698,8.97176084689479
34.9395436347009,0.993954363470089,8.97581745388036
34.9489035786189,0.994890357861892,8.97956143144757
34.9574804679869,0.995748046798692,8.98299218719477
34.9652729457018,0.996527294570184,8.98610917828074
34.9722797787764,0.997227977877639,8.98891191151056
34.9784998585342,0.997849985853419,8.99139994341368
34.9839322007852,0.998393220078517,8.99357288031407
34.9885759459813,0.998857594598131,8.99543037839252
34.9924303593526,0.999243035935261,8.99697214374105
34.9954948310234,0.999549483102341,8.99819793240936
34.9977688761088,0.999776887610882,8.99910755044353
34.9992521347915,0.99992521347915,8.9997008539166
34.9999443723786,0.999994437237857,8.99997774895143
34.9998454793387,0.999984547933874,8.99993819173549
34.9989554713196,0.999895547131963,8.99958218852785
34.9972744891454,0.999727448914535,8.99890979565814
34.9948027987941,0.999480279879414,8.99792111951766
34.9915407913563,0.999154079135634,8.99661631654254
34.9874889829725,0.99874889829725,8.994995593189
34.9826480147517,0.998264801475168,8.99305920590067
34.9770186526701,0.997701865267006,8.99080746106803
34.9706017874497,0.99706017874497,8.98824071497988
34.9633984344176,0.99633984344176,8.98535937376704
34.9554097333451,0.99554097333451,8.98216389333804
34.9466369482675,0.994663694826747,8.97865477930699
34.9370814672839,0.993708146728395,8.97483258691358
34.9267448023381,0.992674480233808,8.97069792093523
34.9156285889785,0.991562858897852,8.96625143559141
34.9037345861002,0.99037345861002,8.96149383444008
34.891064675666,0.989106467566604,8.95642587026642
34.8776208624092,0.987762086240919,8.95104834496368
34.8634052735158,0.98634052735158,8.94536210940632
34.8484201582884,0.984842015828844,8.93936806331538
34.8326678877902,0.983266788779021,8.93306715511608
34.8161509544696,0.981615095446957,8.92646038178783
34.798871971766,0.979887197176595,8.91954878870638
34.7808336736963,0.978083367369626,8.9123334694785
34.7620389144223,0.976203891442226,8.9048155657689
34.742490667799,0.974249066779898,8.89699626711959
34.7221920269041,0.972219202690415,8.88887681076166
34.7011462035488,0.97011462035488,8.88045848141952
34.6793565277691,0.967935652776906,8.87174261110762
34.6568264472993,0.965682644729927,8.86273057891971
34.6335595270264,0.963355952702643,8.85342381081057
34.6095594484261,0.960955944842613,8.84382377937045
34.5848300089801,0.958483000898007,8.83393200359203
34.5593751215752,0.955937512157517,8.82375004863007
34.5331988138845,0.953319881388445,8.81327952555378
34.5063052277297,0.950630522772972,8.80252209109189
34.4786986184263,0.947869861842628,8.79147944737051
34.4503833541095,0.945038335410953,8.78015334164381
34.4213639150439,0.942136391504389,8.76854556601756
34.3916448929138,0.939164489291385,8.75665795716554
34.3612309900974,0.936123099009744,8.74449239603898
34.3301270189222,0.93301270189222,8.73205080756888
34.2983379009037,0.929833790090373,8.71933516036149
34.265868665967,0.926586866596697,8.70634746638679
34.2327244516503,0.92327244516503,8.69308978066012
34.1989105022927,0.91989105022927,8.67956420091708
34.1644321682039,0.916443216820387,8.66577286728155
34.1292949048177,0.912929490481772,8.65171796192709
34.0935042718292,0.909350427182914,8.63740170873166
34.0570659323143,0.905706593231433,8.62282637292573
34.0199856518347,0.901998565183471,8.60799426073388
33.9822692975247,0.898226929752465,8.59290771900986
33.9439228371632,0.894392283716316,8.57756913486526
33.9049523382296,0.890495233822959,8.56198093529184
33.8653639669436,0.886536396694359,8.54614558677744
33.8251639872895,0.882516398728945,8.53006559491578
33.784358760025,0.878435876002496,8.51374350400998
33.742954741675,0.874295474167495,8.49718189666998
33.7009584835097,0.870095848350972,8.48038339340389
33.6583766305084,0.865837663050839,8.46335065220336
33.6152159203076,0.861521592030755,8.44608636812302
33.5714831821351,0.857148318213511,8.42859327285404
33.5271853357298,0.852718533572977,8.41087413429191
33.4823293902461,0.848232939024611,8.39293175609845
33.4369224431456,0.843692244314556,8.37476897725822
33.3909716790733,0.839097167907334,8.35638867162933
33.3444843687217,0.83444843687217,8.33779374748868
33.2974678676795,0.829746786767948,8.31898714707179
33.2499296152682,0.824992961526823,8.29997184610729
33.2018771333651,0.820187713336513,8.28075085334605
33.1533180252128,0.815331802521279,8.26132721008512
33.1042599742162,0.810425997421622,8.24170398968649
33.0547107427271,0.805471074272712,8.22188429709085
33.0046781708156,0.800467817081562,8.20187126832625
32.9541701750298,0.795417017502979,8.18166807001192
32.903194747143,0.790319474714303,8.16127789885722
32.8517599528895,0.785175995288951,8.1407039811558
32.799873930688,0.779987393068798,8.11994957227519
32.747544890354,0.774754489035403,8.09901795614161
32.6947811118011,0.769478111180108,8.07791244472043
32.6415909437303,0.764159094373026,8.0566363774921
32.5879828023094,0.758798280230939,8.03519312092376
32.5339651698414,0.753396516984137,8.01358606793655
32.479546593422,0.747954659342195,7.99181863736878
32.4247356835874,0.742473568358745,7.96989427343498
32.3695411129522,0.736954111295222,7.94781644518089
32.3139716148365,0.73139716148365,7.9255886459346
32.2580359818845,0.725803598188448,7.90321439275379
32.2017430646731,0.72017430646731,7.88069722586924
32.1451017703116,0.714510177031164,7.85804070812466
32.0881210610323,0.708812106103234,7.83524842441294
32.0308099527724,0.703080995277237,7.81232398110895
31.9731775137472,0.69731775137472,7.78927100549888
31.9152328630158,0.691523286301584,7.76609314520634
31.8569851690378,0.685698516903784,7.74279406761514
31.7984436482227,0.679844364822268,7.71937745928907
31.7396175634714,0.673961756347142,7.69584702538857
31.6805162227111,0.668051622271109,7.67220648908443
31.6211489774219,0.662114897742186,7.64845959096874
31.5615252211575,0.656152522115745,7.62461008846298
31.5016543880588,0.650165438805876,7.6006617552235
31.4415459513611,0.644154595136112,7.57661838054445
31.3812094218954,0.638120942189538,7.55248376875815
31.320654346583,0.632065434658304,7.52826173863322
31.2598903069256,0.625989030692563,7.50395612277025
31.1989269174887,0.619892691748868,7.47957076699547
31.1377738243804,0.613777382438042,7.45510952975217
31.0764407037255,0.607644070372545,7.43057628149018
31.0149372601338,0.601493726013381,7.40597490405353
30.9532732251653,0.595327322516533,7.38130929006613
30.8914583557899,0.589145835578989,7.35658334231596
30.8295024328436,0.582950243284357,7.33180097313743
30.7674152594811,0.576741525948109,7.30696610379244
30.7052066596246,0.57052066596246,7.28208266384984
30.6428864764094,0.564288647640935,7.25715459056374
30.5804645706262,0.558046457062616,7.23218582825046
30.5179508191612,0.551795081916121,7.20718032766448
30.4553551134332,0.545535511343321,7.18214204537328
30.3926873578284,0.539268735782835,7.15707494313134
30.3299574681331,0.532995746813311,7.13198298725324
30.2671753699653,0.526717536996529,7.10687014798612
30.2043509972036,0.520435099720356,7.08174039888143
30.1414942904156,0.514149429041559,7.05659771616624
30.0786151952852,0.507861519528521,7.03144607811409
30.0157236610387,0.501572366103869,7.00628946441547
29.9528296388705,0.495282963887052,6.98113185554821
29.8899430803689,0.488994308036887,6.95597723214755
29.8270739359409,0.482707393594092,6.93082957437637
29.7642321532385,0.476423215323848,6.90569286129539
29.701427675584,0.470142767558396,6.88057107023358
29.6386704403971,0.463867044039707,6.85546817615883
29.5759703776225,0.457597037762246,6.83038815104898
29.5133374081585,0.451333740815849,6.8053349632634
29.4507814422875,0.44507814422875,6.780312576915
29.3883123781077,0.438831237810772,6.75532495124309
29.3259400999671,0.432594009996708,6.73037603998683
29.2636744768993,0.42636744768993,6.70546979075972
29.2015253610623,0.420152536106226,6.6806101444249
29.1395025861792,0.413950258617916,6.65580103447167
29.0776159659825,0.407761596598254,6.63104638639302
29.0158752926615,0.401587529266148,6.60635011706459
28.9542903353122,0.395429033531217,6.58171613412487
28.8928708383922,0.389287083839221,6.55714833535689
28.8316265201787,0.383162652017874,6.5326506080715
28.7705670712308,0.377056707123075,6.5082268284923
28.7097021528558,0.370970215285575,6.4838808611423
28.6490413955811,0.364904139558109,6.45961655823244
28.5885943976301,0.358859439763015,6.43543775905206
28.5283707234036,0.352837072340359,6.41134828936144
28.4683799019661,0.346837990196609,6.38735196078644
28.4086314255385,0.340863142553846,6.36345257021538
28.3491347479958,0.334913474799582,6.33965389919833
28.2898992833717,0.328989928337166,6.31595971334866
28.2309344043683,0.323093440436831,6.29237376174733
28.1722494408739,0.317224944087391,6.26889977634956
28.1138536784862,0.311385367848616,6.24554147139446
28.0557563570431,0.305575635704307,6.22230254281723
27.997966669161,0.299796666916098,6.19918666766439
27.94049375878,0.294049375878004,6.17619750351202
27.8833467197173,0.288334671971733,6.15333868788693
27.826534594228,0.282653459422803,6.13061383769121
27.7700663715746,0.277006637157462,6.10802654862985
27.7139509866046,0.271395098660461,6.08558039464185
27.6581973183367,0.26581973183367,6.06327892733468
27.602814188556,0.260281418855596,6.04112567542238
27.5478103604179,0.25478103604179,6.01912414416716
27.493194537062,0.249319453706198,5.99727781482479
27.4389753602344,0.243897536023443,5.97559014409377
27.385161408921,0.2385161408921,5.9540645635684
27.3317611979894,0.233176119798939,5.93270447919576
27.2787831768421,0.227878317684211,5.91151327073684
27.2262357280794,0.222623572807942,5.89049429123177
27.174127166173,0.217412716617304,5.86965086646922
27.1224657361506,0.212246573615056,5.84898629446022
27.0712596122908,0.207125961229081,5.82850384491632
27.0205168968305,0.202051689683052,5.80820675873221
26.9702456186823,0.197024561868226,5.78809824747291
26.9204537321641,0.192045373216411,5.76818149286564
26.871149115741,0.187114911574097,5.74845964629639
26.8223395707781,0.182233957077809,5.72893582831124
26.7740328203065,0.177403282030654,5.70961312812262
26.7262365078013,0.172623650780133,5.69049460312053
26.6789581959719,0.167895819597193,5.67158327838877
26.6322053655657,0.163220536556567,5.65288214622627
26.5859854141841,0.158598541418406,5.63439416567362
26.5403056551123,0.154030565511227,5.61612226204491
26.495173316162,0.149517331616202,5.59806932646481
26.4505955385279,0.145059553852786,5.58023821541114
26.4065793756573,0.140657937565731,5.56263175026293
26.3631317921348,0.136313179213476,5.5452527168539
26.3202596625795,0.132025966257949,5.5281038650318
26.2779697705579,0.127796977055791,5.51118790822316
26.2362688075102,0.123626880751023,5.49450752300409
26.1951633716917,0.119516337169167,5.47806534867667
26.1546599671284,0.115465996712842,5.46186398685137
26.1147650025886,0.111476500258856,5.44590600103543
26.075484790568,0.107548479056798,5.43019391622719
26.0368255462916,0.103682554629158,5.41473021851663
25.9987933867298,0.0998793386729841,5.39951735469194
25.961394329631,0.096139432963097,5.38455773185239
25.9246342925687,0.0924634292568691,5.36985371702748
25.888519092006,0.0888519092005957,5.35540763680238
25.8530544423746,0.0853054442374588,5.34122177694984
25.8182459551711,0.0818245955171124,5.32729838206845
25.7840991380689,0.0784099138068891,5.31363965522756
25.7506193940466,0.0750619394046573,5.30024775761863
25.7178120205333,0.0717812020533273,5.28712480821331
25.6856822085704,0.068568220857035,5.27427288342814
25.65423504199,0.0654235041990008,5.261694016796
25.6234754966109,0.0623475496610936,5.24939019864438
25.593408439451,0.0593408439450968,5.23736337578039
25.564038627957,0.0564038627956981,5.22561545118279
25.5353707092522,0.0535370709252161,5.21414828370086
25.5074092194007,0.0507409219400665,5.20296368776027
25.4801585826899,0.0480158582689923,5.19206343307597
25.4536231109306,0.0453623110930559,5.18144924437222
25.4278070027742,0.0427807002774175,5.17112280110967
25.402714343049,0.0402714343048975,5.16108573721959
25.3783491021135,0.0378349102113462,5.15133964084539
25.3547151352282,0.0354715135228188,5.14188605409128
25.3318161819458,0.033181618194577,5.13272647277831
25.3096558655192,0.0309655865519173,5.12386234620767
25.2882376923284,0.0288237692328407,5.11529507693136
25.2675650513257,0.026756505132574,5.1070260205303
25.2476412134994,0.0247641213499443,5.09905648539978
25.2284693313563,0.0228469331356258,5.0913877325425
25.2100524384226,0.0210052438422557,5.08402097536902
25.1923934487644,0.0192393448764375,5.07695737950575
25.1754951565263,0.0175495156526306,5.07019806261052
25.1593602354894,0.0159360235489409,5.06374409419576
25.1439912386481,0.014399123864812,5.05759649545925
25.1293905978063,0.0129390597806321,5.05175623912253
25.1155606231925,0.0115560623192539,5.04622424927702
25.1025035030944,0.0102503503094418,5.04100140123777
25.0902213035125,0.00902213035124677,5.03608852140499
25.0787159678332,0.00787159678331573,5.03148638713326
25.0679893165214,0.00679893165214285,5.02719572660857
25.0580430468326,0.00580430468326365,5.02321721873306
25.048878732544,0.00488787325440088,5.0195514930176
25.0404978237056,0.00404978237056158,5.01619912948225
25.032901646411,0.00329016464109477,5.01316065856438
25.0260914025871,0.0026091402587074,5.01043656103483
25.0200681698045,0.00200681698044791,5.00802726792179
25.0148329011066,0.00148329011065496,5.00593316044262
25.0103864248588,0.00103864248587843,5.00415456994351
25.0067294446177,0.000672944461771796,5.00269177784709
25.0038625390196,0.000386253901960287,5.00154501560784
25.0017861616889,0.000178616168885037,5.00071446467554
25.0005006411663,5.00641166255589E-05,5.0002002564665
25.000006180857,6.18085701287185E-07,5.00000247234281
25.0003028589985,3.02858998531552E-05,5.00012114359941
25.0013906286481,0.000139062864805639,5.00055625145922
25.0032693176901,0.000326931769009553,5.00130772707604
25.0059386288637,0.000593862886365371,5.00237545154546
25.0093981398093,0.000939813980926851,5.00375925592371
25.0136473031358,0.00136473031358358,5.00545892125433
25.0186854465072,0.00186854465072278,5.00747417860289
25.0245117727487,0.00245117727486688,5.00980470909947
25.0311253599729,0.00311253599728784,5.01245014398915
25.0385251617259,0.00385251617259313,5.01541006469037
25.0467100071528,0.00467100071528404,5.01868400286114
25.0556786011828,0.00556786011828209,5.02227144047313
25.0654295247342,0.00654295247341991,5.02617180989368
25.075961234939,0.00759612349389593,5.03038449397558
25.0872720653869,0.00872720653868597,5.03490882615474
25.0993602263891,0.00993602263891164,5.03974409055565
25.1122238052616,0.0112223805261567,5.04488952210463
25.1258607666273,0.0125860766627328,5.05034430665093
25.1402689527388,0.014026895273883,5.05610758109553
25.1554460838193,0.0155446083819251,5.0621784335277
25.1713897584232,0.0171389758423224,5.06855590336929
25.1880974538168,0.0188097453816831,5.07523898152673
25.2055665263768,0.0205566526376751,5.0822266105507
25.2237942120086,0.0223794212008564,5.08951768480343
25.2427776265841,0.0242777626584116,5.09711105063365
25.2625137663979,0.0262513766397849,5.10500550655914
25.2829995086421,0.0282999508642093,5.11319980345684
25.3042316119012,0.0304231611901158,5.12169264476046
25.3262067166642,0.0326206716664244,5.1304826866657
25.348921345857,0.0348921345856976,5.13956853834279
25.3723719053916,0.0372371905391609,5.14894876215664
25.3965546847357,0.039655468473568,5.15862187389427
25.4214658574992,0.0421465857499152,5.16858634299966
25.4471014820398,0.0447101482039818,5.17884059281593
25.473457502087,0.0473457502087014,5.18938300083481
25.5005297473834,0.0500529747383408,5.20021189895336
25.5283139343449,0.0528313934344861,5.21132557373795
25.5568056667382,0.0556805666738219,5.22272226669529
25.5860004363769,0.0586000436376898,5.23440017455076
25.6158936238342,0.0615893623834231,5.24635744953369
25.6464804991744,0.0646480499174358,5.25859219966974
25.6777562227007,0.0677756222700673,5.27110248908027
25.7097158457216,0.0709715845721558,5.28388633828862
25.7423543113334,0.0742354311333441,5.29694172453338
25.7756664552209,0.0775666455220906,5.31026658208836
25.8096470064739,0.0809647006473865,5.32385880258955
25.8442905884215,0.0844290588421526,5.33771623536861
25.8795917194832,0.0879591719483174,5.35183668779327
25.9155448140355,0.0915544814035472,5.36621792561419
25.9521441832963,0.0952144183296276,5.38085767331851
25.9893840362248,0.0989384036224779,5.39575361448991
26.0272584804378,0.102725848043778,5.41090339217511
26.065761523142,0.106576152314205,5.42630460925682
26.1048870720825,0.110488707208254,5.44195482883302
26.1446289365064,0.114462893650637,5.45785157460255
26.1849808281424,0.118498082814236,5.47399233125694
26.225936362196,0.1225936362196,5.4903745448784
26.2674890583597,0.126748905835973,5.50699562334389
26.3096323418383,0.13096323418383,5.52385293673532
26.3523595443891,0.135235954438905,5.54094381775562
26.3956639053771,0.139566390537707,5.55826556215083
26.4395385728449,0.143953857284487,5.57581542913795
26.4839766045966,0.148397660459658,5.59359064183863
26.5289709692964,0.152897096929639,5.61158838771855
26.5745145475811,0.157451454758109,5.62980581903244
26.6206001331866,0.16206001331866,5.64824005327464
26.6672204340881,0.166722043408813,5.66688817363525
26.7143680736541,0.171436807365405,5.68574722946162
26.762035591813,0.176203559181302,5.70481423672521
26.8102154462344,0.181021544623444,5.72408617849377
26.8589000135218,0.185890001352178,5.74356000540871
26.9080815904189,0.190808159041892,5.76323263616757
26.9577523950289,0.195775239502891,5.78310095801156
27.0079045680454,0.200790456804536,5.80316182721814
27.058530173996,0.205853017399597,5.82341206959839
27.1096212024981,0.210962120249814,5.84384848099926
27.1611695695265,0.216116956952646,5.86446782781058
27.2131671186918,0.221316711869178,5.88526684747671
27.2656056225319,0.226560562253186,5.90624224901274
27.3184767838131,0.231847678381308,5.92739071352523
27.3717722368434,0.237177223684339,5.94870889473736
27.4254835487959,0.242548354879593,5.97019341951837
27.4796022210434,0.247960222104337,5.99184088841735
27.5341196905026,0.253411969050262,6.01364787620105
27.5890273309898,0.258902733098976,6.0356109323959
27.6443164545849,0.264431645458491,6.05772658183396
27.6999783130069,0.269997831300694,6.07999132520278
27.7560040989977,0.275600409899769,6.10240163959908
27.8123849477155,0.281238494771547,6.12495397908619
27.8691119381378,0.286911193813782,6.14764477525513
27.926176094473,0.292617609447296,6.17047043778918
27.9835683875801,0.298356838758009,6.19342735503204
28.041279736398,0.304127973639801,6.2165118945592
28.099301009382,0.309930100938201,6.23972040375281
28.1576230259487,0.315762302594874,6.2630492103795
28.2162365579288,0.321623655792884,6.28649462317153
28.275132331027,0.327513233102704,6.31005293241082
28.3343010262897,0.333430102628971,6.33372041051588
28.3937332815793,0.339373328157928,6.35749331263171
28.4534196930557,0.345341969305565,6.38136787722226
28.5133508166641,0.351335081666414,6.40534032666565
28.5735171696297,0.357351716962974,6.4294068678519
28.6339092319577,0.363390923195767,6.45356369278307
28.6945174479396,0.369451744793955,6.47780697917582
28.7553322276655,0.375533222766554,6.50213289106622
28.8163439485416,0.381634394854159,6.52653757941664
28.8775429568121,0.387754295681213,6.55101718272485
28.9389195690875,0.393891956908745,6.57556782763498
29.000464073876,0.400046407387597,6.60018562955039
29.0621667331208,0.40621667331208,6.62486669324832
29.1240177837406,0.412401778374065,6.64960711349626
29.1860074391745,0.418600743917453,6.67440297566981
29.2481258909303,0.424812589093031,6.69925035637212
29.3103633101367,0.431036331013673,6.72414532405469
29.3727098490985,0.437270984909851,6.74908393963941
29.4351556428546,0.443515564285463,6.77406225714185
29.4976908107392,0.449769081073915,6.79907632429566
29.5603054579447,0.456030545794469,6.82412218317788
29.622989677088,0.462298967708798,6.84919587083519
29.6857335497776,0.468573354977759,6.87429341991103
29.7485271481832,0.474852714818316,6.89941085927326
29.8113605366064,0.481136053660641,6.92454421464256
29.8742237730531,0.487422377305311,6.94968950922124
29.9371069108063,0.493710691080629,6.97484276432252
